<?xml version="1.0" encoding="UTF-8"?>
<!DOCTYPE suite SYSTEM "https://testng.org/testng-1.0.dtd">
<suite name="Suite">
  <test thread-count="5" name="Test">
    <classes>
      <class name="Infrastructure.Assign12">
		  
      <methods>  			
		  	<include name = "Login" >-  			
			<parameter name="Sheetpath" value="/home/madhuri.parekh/eclipse-workspace/Assignments/src/main/java/Infrastructure/Login.xls"></parameter>
  			<parameter name="Sheetname" value="Login"></parameter>
  			<parameter name="PropertiesFile" value="/home/madhuri.parekh/eclipse-workspace/Assignments/src/test/resources/login.properties"></parameter>
  			</include>
  			
  			<include name = "Register" >
  			<parameter name="Sheetpath" value="/home/madhuri.parekh/eclipse-workspace/Assignments/src/main/java/Infrastructure/add.xls"></parameter>
  			<parameter name="Sheetname" value="add"></parameter>
  			<parameter name="PropertiesFile" value="/home/madhuri.parekh/eclipse-workspace/Assignments/src/test/printer.properties"></parameter>
  			</include>
  			
  			<include name = "Update" >
  			<parameter name="Sheetpath" value="/home/madhuri.parekh/eclipse-workspace/Assignments/src/main/java/Infrastructure/edit.xls"></parameter>
  			<parameter name="Sheetname" value="Edit"></parameter>
  			<parameter name="PropertiesFile" value="/home/madhuri.parekh/eclipse-workspace/Assignments/src/test/printer.properties"></parameter>
  			</include>
  			
  			<include name = "Delete" >
  			<parameter name="Sheetpath" value=""></parameter>
  			<parameter name="Sheetname" value=""></parameter>
  			<parameter name="PropertiesFile" value="/home/madhuri.parekh/eclipse-workspace/Assignments/src/test/printer.properties"></parameter>
  			</include>
  			
  		</methods>
  		</class>
    </classes>
  </test> <!-- Test -->
</suite> <!-- Suite -->
